task_id,seed,code,error_message_pointer,error_message_underline,error_message_none,first_erroneous_operator_index
1,10000,"a = 2
c = 's'
e = 96
f = 'h'
print(e + c + a * f * a + f)","Traceback (most recent call last):
  File ""C:\Users\ederi\home\cs\cs789\error-messages-study-app\temp.py"", line 5, in <module>
    print(e + c + a * f * a + f)
          ~~^~~
TypeError: unsupported operand type(s) for +: 'int' and 'str'
","Traceback (most recent call last):
  File ""C:\Users\ederi\home\cs\cs789\error-messages-study-app\temp.py"", line 5, in <module>
    print(e + c + a * f * a + f)
          ~~~~~
TypeError: unsupported operand type(s) for +: 'int' and 'str'
","Traceback (most recent call last):
  File ""C:\Users\ederi\home\cs\cs789\error-messages-study-app\temp.py"", line 5, in <module>
    print(e + c + a * f * a + f)
          
TypeError: unsupported operand type(s) for +: 'int' and 'str'
",0
2,10001,"a = 30
c = 'k'
d = 's'
e = 97
print(c + a * a + d + e * d)","Traceback (most recent call last):
  File ""C:\Users\ederi\home\cs\cs789\error-messages-study-app\temp.py"", line 5, in <module>
    print(c + a * a + d + e * d)
          ~~^~~~~~~
TypeError: can only concatenate str (not ""int"") to str
","Traceback (most recent call last):
  File ""C:\Users\ederi\home\cs\cs789\error-messages-study-app\temp.py"", line 5, in <module>
    print(c + a * a + d + e * d)
          ~~~~~~~~~
TypeError: can only concatenate str (not ""int"") to str
","Traceback (most recent call last):
  File ""C:\Users\ederi\home\cs\cs789\error-messages-study-app\temp.py"", line 5, in <module>
    print(c + a * a + d + e * d)
          
TypeError: can only concatenate str (not ""int"") to str
",0
3,10002,"a = 54
b = 'u'
d = 'b'
e = 'z'
f = 24
print(d * b + a * e + a * f)","Traceback (most recent call last):
  File ""C:\Users\ederi\home\cs\cs789\error-messages-study-app\temp.py"", line 6, in <module>
    print(d * b + a * e + a * f)
          ~~^~~
TypeError: can't multiply sequence by non-int of type 'str'
","Traceback (most recent call last):
  File ""C:\Users\ederi\home\cs\cs789\error-messages-study-app\temp.py"", line 6, in <module>
    print(d * b + a * e + a * f)
          ~~~~~
TypeError: can't multiply sequence by non-int of type 'str'
","Traceback (most recent call last):
  File ""C:\Users\ederi\home\cs\cs789\error-messages-study-app\temp.py"", line 6, in <module>
    print(d * b + a * e + a * f)
          
TypeError: can't multiply sequence by non-int of type 'str'
",0
4,10003,"a = 'v'
b = 2
d = 39
print(b * a * d * b * d + d)","Traceback (most recent call last):
  File ""C:\Users\ederi\home\cs\cs789\error-messages-study-app\temp.py"", line 4, in <module>
    print(b * a * d * b * d + d)
          ~~~~~~~~~~~~~~~~~~^~~
TypeError: can only concatenate str (not ""int"") to str
","Traceback (most recent call last):
  File ""C:\Users\ederi\home\cs\cs789\error-messages-study-app\temp.py"", line 4, in <module>
    print(b * a * d * b * d + d)
          ~~~~~~~~~~~~~~~~~~~~~
TypeError: can only concatenate str (not ""int"") to str
","Traceback (most recent call last):
  File ""C:\Users\ederi\home\cs\cs789\error-messages-study-app\temp.py"", line 4, in <module>
    print(b * a * d * b * d + d)
          
TypeError: can only concatenate str (not ""int"") to str
",4
5,10004,"a = 31
d = 'i'
e = 'g'
f = 45
print(e * d * f + a + f + e)","Traceback (most recent call last):
  File ""C:\Users\ederi\home\cs\cs789\error-messages-study-app\temp.py"", line 5, in <module>
    print(e * d * f + a + f + e)
          ~~^~~
TypeError: can't multiply sequence by non-int of type 'str'
","Traceback (most recent call last):
  File ""C:\Users\ederi\home\cs\cs789\error-messages-study-app\temp.py"", line 5, in <module>
    print(e * d * f + a + f + e)
          ~~~~~
TypeError: can't multiply sequence by non-int of type 'str'
","Traceback (most recent call last):
  File ""C:\Users\ederi\home\cs\cs789\error-messages-study-app\temp.py"", line 5, in <module>
    print(e * d * f + a + f + e)
          
TypeError: can't multiply sequence by non-int of type 'str'
",0
6,10005,"a = 71
c = 40
d = 'u'
e = 56
f = 86
print(e * f + d * a + c * d)","Traceback (most recent call last):
  File ""C:\Users\ederi\home\cs\cs789\error-messages-study-app\temp.py"", line 6, in <module>
    print(e * f + d * a + c * d)
          ~~~~~~^~~~~~~
TypeError: unsupported operand type(s) for +: 'int' and 'str'
","Traceback (most recent call last):
  File ""C:\Users\ederi\home\cs\cs789\error-messages-study-app\temp.py"", line 6, in <module>
    print(e * f + d * a + c * d)
          ~~~~~~~~~~~~~
TypeError: unsupported operand type(s) for +: 'int' and 'str'
","Traceback (most recent call last):
  File ""C:\Users\ederi\home\cs\cs789\error-messages-study-app\temp.py"", line 6, in <module>
    print(e * f + d * a + c * d)
          
TypeError: unsupported operand type(s) for +: 'int' and 'str'
",1
7,10008,"b = 20
c = 'k'
d = 'b'
print(b + d + d * c * c + c)","Traceback (most recent call last):
  File ""C:\Users\ederi\home\cs\cs789\error-messages-study-app\temp.py"", line 4, in <module>
    print(b + d + d * c * c + c)
          ~~^~~
TypeError: unsupported operand type(s) for +: 'int' and 'str'
","Traceback (most recent call last):
  File ""C:\Users\ederi\home\cs\cs789\error-messages-study-app\temp.py"", line 4, in <module>
    print(b + d + d * c * c + c)
          ~~~~~
TypeError: unsupported operand type(s) for +: 'int' and 'str'
","Traceback (most recent call last):
  File ""C:\Users\ederi\home\cs\cs789\error-messages-study-app\temp.py"", line 4, in <module>
    print(b + d + d * c * c + c)
          
TypeError: unsupported operand type(s) for +: 'int' and 'str'
",0
8,10009,"a = 'm'
b = 9
c = 'r'
f = 4
print(c * b * c * a * a + f)","Traceback (most recent call last):
  File ""C:\Users\ederi\home\cs\cs789\error-messages-study-app\temp.py"", line 5, in <module>
    print(c * b * c * a * a + f)
          ~~~~~~^~~
TypeError: can't multiply sequence by non-int of type 'str'
","Traceback (most recent call last):
  File ""C:\Users\ederi\home\cs\cs789\error-messages-study-app\temp.py"", line 5, in <module>
    print(c * b * c * a * a + f)
          ~~~~~~~~~
TypeError: can't multiply sequence by non-int of type 'str'
","Traceback (most recent call last):
  File ""C:\Users\ederi\home\cs\cs789\error-messages-study-app\temp.py"", line 5, in <module>
    print(c * b * c * a * a + f)
          
TypeError: can't multiply sequence by non-int of type 'str'
",1
9,10011,"b = 47
c = 'r'
e = 'm'
f = 'l'
print(b * e * e + c * f * f)","Traceback (most recent call last):
  File ""C:\Users\ederi\home\cs\cs789\error-messages-study-app\temp.py"", line 5, in <module>
    print(b * e * e + c * f * f)
          ~~~~~~^~~
TypeError: can't multiply sequence by non-int of type 'str'
","Traceback (most recent call last):
  File ""C:\Users\ederi\home\cs\cs789\error-messages-study-app\temp.py"", line 5, in <module>
    print(b * e * e + c * f * f)
          ~~~~~~~~~
TypeError: can't multiply sequence by non-int of type 'str'
","Traceback (most recent call last):
  File ""C:\Users\ederi\home\cs\cs789\error-messages-study-app\temp.py"", line 5, in <module>
    print(b * e * e + c * f * f)
          
TypeError: can't multiply sequence by non-int of type 'str'
",1
10,10012,"a = 'c'
d = 'e'
e = 'f'
print(d + d * a + a + e * a)","Traceback (most recent call last):
  File ""C:\Users\ederi\home\cs\cs789\error-messages-study-app\temp.py"", line 4, in <module>
    print(d + d * a + a + e * a)
              ~~^~~
TypeError: can't multiply sequence by non-int of type 'str'
","Traceback (most recent call last):
  File ""C:\Users\ederi\home\cs\cs789\error-messages-study-app\temp.py"", line 4, in <module>
    print(d + d * a + a + e * a)
              ~~~~~
TypeError: can't multiply sequence by non-int of type 'str'
","Traceback (most recent call last):
  File ""C:\Users\ederi\home\cs\cs789\error-messages-study-app\temp.py"", line 4, in <module>
    print(d + d * a + a + e * a)
              
TypeError: can't multiply sequence by non-int of type 'str'
",1
11,10013,"a = 41
b = 39
c = 'r'
d = 'd'
f = 13
print(c * d * a * f * d * b)","Traceback (most recent call last):
  File ""C:\Users\ederi\home\cs\cs789\error-messages-study-app\temp.py"", line 6, in <module>
    print(c * d * a * f * d * b)
          ~~^~~
TypeError: can't multiply sequence by non-int of type 'str'
","Traceback (most recent call last):
  File ""C:\Users\ederi\home\cs\cs789\error-messages-study-app\temp.py"", line 6, in <module>
    print(c * d * a * f * d * b)
          ~~~~~
TypeError: can't multiply sequence by non-int of type 'str'
","Traceback (most recent call last):
  File ""C:\Users\ederi\home\cs\cs789\error-messages-study-app\temp.py"", line 6, in <module>
    print(c * d * a * f * d * b)
          
TypeError: can't multiply sequence by non-int of type 'str'
",0
12,10014,"b = 38
c = 'n'
d = 95
e = 'e'
f = 'u'
print(d * b + e * f + c + b)","Traceback (most recent call last):
  File ""C:\Users\ederi\home\cs\cs789\error-messages-study-app\temp.py"", line 6, in <module>
    print(d * b + e * f + c + b)
                  ~~^~~
TypeError: can't multiply sequence by non-int of type 'str'
","Traceback (most recent call last):
  File ""C:\Users\ederi\home\cs\cs789\error-messages-study-app\temp.py"", line 6, in <module>
    print(d * b + e * f + c + b)
                  ~~~~~
TypeError: can't multiply sequence by non-int of type 'str'
","Traceback (most recent call last):
  File ""C:\Users\ederi\home\cs\cs789\error-messages-study-app\temp.py"", line 6, in <module>
    print(d * b + e * f + c + b)
                  
TypeError: can't multiply sequence by non-int of type 'str'
",2
13,10015,"b = 79
d = 0
e = 'p'
print(b * b + e + e * e + d)","Traceback (most recent call last):
  File ""C:\Users\ederi\home\cs\cs789\error-messages-study-app\temp.py"", line 4, in <module>
    print(b * b + e + e * e + d)
          ~~~~~~^~~
TypeError: unsupported operand type(s) for +: 'int' and 'str'
","Traceback (most recent call last):
  File ""C:\Users\ederi\home\cs\cs789\error-messages-study-app\temp.py"", line 4, in <module>
    print(b * b + e + e * e + d)
          ~~~~~~~~~
TypeError: unsupported operand type(s) for +: 'int' and 'str'
","Traceback (most recent call last):
  File ""C:\Users\ederi\home\cs\cs789\error-messages-study-app\temp.py"", line 4, in <module>
    print(b * b + e + e * e + d)
          
TypeError: unsupported operand type(s) for +: 'int' and 'str'
",1
14,10016,"a = 90
b = 61
c = 'l'
d = 'f'
f = 'g'
print(d * c * a + f + a + b)","Traceback (most recent call last):
  File ""C:\Users\ederi\home\cs\cs789\error-messages-study-app\temp.py"", line 6, in <module>
    print(d * c * a + f + a + b)
          ~~^~~
TypeError: can't multiply sequence by non-int of type 'str'
","Traceback (most recent call last):
  File ""C:\Users\ederi\home\cs\cs789\error-messages-study-app\temp.py"", line 6, in <module>
    print(d * c * a + f + a + b)
          ~~~~~
TypeError: can't multiply sequence by non-int of type 'str'
","Traceback (most recent call last):
  File ""C:\Users\ederi\home\cs\cs789\error-messages-study-app\temp.py"", line 6, in <module>
    print(d * c * a + f + a + b)
          
TypeError: can't multiply sequence by non-int of type 'str'
",0
15,10017,"d = 59
e = 'w'
print(e * e + d * d + e + e)","Traceback (most recent call last):
  File ""C:\Users\ederi\home\cs\cs789\error-messages-study-app\temp.py"", line 3, in <module>
    print(e * e + d * d + e + e)
          ~~^~~
TypeError: can't multiply sequence by non-int of type 'str'
","Traceback (most recent call last):
  File ""C:\Users\ederi\home\cs\cs789\error-messages-study-app\temp.py"", line 3, in <module>
    print(e * e + d * d + e + e)
          ~~~~~
TypeError: can't multiply sequence by non-int of type 'str'
","Traceback (most recent call last):
  File ""C:\Users\ederi\home\cs\cs789\error-messages-study-app\temp.py"", line 3, in <module>
    print(e * e + d * d + e + e)
          
TypeError: can't multiply sequence by non-int of type 'str'
",0
16,10018,"b = 'm'
c = 't'
e = 'c'
print(e + b + b + c + e * b)","Traceback (most recent call last):
  File ""C:\Users\ederi\home\cs\cs789\error-messages-study-app\temp.py"", line 4, in <module>
    print(e + b + b + c + e * b)
                          ~~^~~
TypeError: can't multiply sequence by non-int of type 'str'
","Traceback (most recent call last):
  File ""C:\Users\ederi\home\cs\cs789\error-messages-study-app\temp.py"", line 4, in <module>
    print(e + b + b + c + e * b)
                          ~~~~~
TypeError: can't multiply sequence by non-int of type 'str'
","Traceback (most recent call last):
  File ""C:\Users\ederi\home\cs\cs789\error-messages-study-app\temp.py"", line 4, in <module>
    print(e + b + b + c + e * b)
                          
TypeError: can't multiply sequence by non-int of type 'str'
",4
17,10019,"a = 'n'
d = 32
e = 'r'
f = 'z'
print(d + d + a + e * f + f)","Traceback (most recent call last):
  File ""C:\Users\ederi\home\cs\cs789\error-messages-study-app\temp.py"", line 5, in <module>
    print(d + d + a + e * f + f)
          ~~~~~~^~~
TypeError: unsupported operand type(s) for +: 'int' and 'str'
","Traceback (most recent call last):
  File ""C:\Users\ederi\home\cs\cs789\error-messages-study-app\temp.py"", line 5, in <module>
    print(d + d + a + e * f + f)
          ~~~~~~~~~
TypeError: unsupported operand type(s) for +: 'int' and 'str'
","Traceback (most recent call last):
  File ""C:\Users\ederi\home\cs\cs789\error-messages-study-app\temp.py"", line 5, in <module>
    print(d + d + a + e * f + f)
          
TypeError: unsupported operand type(s) for +: 'int' and 'str'
",1
18,10020,"a = 15
b = 25
d = 'h'
f = 'x'
print(f + a * a + d + f * b)","Traceback (most recent call last):
  File ""C:\Users\ederi\home\cs\cs789\error-messages-study-app\temp.py"", line 5, in <module>
    print(f + a * a + d + f * b)
          ~~^~~~~~~
TypeError: can only concatenate str (not ""int"") to str
","Traceback (most recent call last):
  File ""C:\Users\ederi\home\cs\cs789\error-messages-study-app\temp.py"", line 5, in <module>
    print(f + a * a + d + f * b)
          ~~~~~~~~~
TypeError: can only concatenate str (not ""int"") to str
","Traceback (most recent call last):
  File ""C:\Users\ederi\home\cs\cs789\error-messages-study-app\temp.py"", line 5, in <module>
    print(f + a * a + d + f * b)
          
TypeError: can only concatenate str (not ""int"") to str
",0
19,10021,"a = 'd'
b = 64
d = 'v'
e = 'g'
f = 'g'
print(e * d + f + b * a + e)","Traceback (most recent call last):
  File ""C:\Users\ederi\home\cs\cs789\error-messages-study-app\temp.py"", line 6, in <module>
    print(e * d + f + b * a + e)
          ~~^~~
TypeError: can't multiply sequence by non-int of type 'str'
","Traceback (most recent call last):
  File ""C:\Users\ederi\home\cs\cs789\error-messages-study-app\temp.py"", line 6, in <module>
    print(e * d + f + b * a + e)
          ~~~~~
TypeError: can't multiply sequence by non-int of type 'str'
","Traceback (most recent call last):
  File ""C:\Users\ederi\home\cs\cs789\error-messages-study-app\temp.py"", line 6, in <module>
    print(e * d + f + b * a + e)
          
TypeError: can't multiply sequence by non-int of type 'str'
",0
20,10022,"c = 'o'
d = 22
e = 'z'
f = 72
print(f * d + f * c + e + c)","Traceback (most recent call last):
  File ""C:\Users\ederi\home\cs\cs789\error-messages-study-app\temp.py"", line 5, in <module>
    print(f * d + f * c + e + c)
          ~~~~~~^~~~~~~
TypeError: unsupported operand type(s) for +: 'int' and 'str'
","Traceback (most recent call last):
  File ""C:\Users\ederi\home\cs\cs789\error-messages-study-app\temp.py"", line 5, in <module>
    print(f * d + f * c + e + c)
          ~~~~~~~~~~~~~
TypeError: unsupported operand type(s) for +: 'int' and 'str'
","Traceback (most recent call last):
  File ""C:\Users\ederi\home\cs\cs789\error-messages-study-app\temp.py"", line 5, in <module>
    print(f * d + f * c + e + c)
          
TypeError: unsupported operand type(s) for +: 'int' and 'str'
",1
21,10023,"b = 78
c = 77
d = 67
e = 'l'
f = 'w'
print(f * b + e + f * c + d)","Traceback (most recent call last):
  File ""C:\Users\ederi\home\cs\cs789\error-messages-study-app\temp.py"", line 6, in <module>
    print(f * b + e + f * c + d)
          ~~~~~~~~~~~~~~~~~~^~~
TypeError: can only concatenate str (not ""int"") to str
","Traceback (most recent call last):
  File ""C:\Users\ederi\home\cs\cs789\error-messages-study-app\temp.py"", line 6, in <module>
    print(f * b + e + f * c + d)
          ~~~~~~~~~~~~~~~~~~~~~
TypeError: can only concatenate str (not ""int"") to str
","Traceback (most recent call last):
  File ""C:\Users\ederi\home\cs\cs789\error-messages-study-app\temp.py"", line 6, in <module>
    print(f * b + e + f * c + d)
          
TypeError: can only concatenate str (not ""int"") to str
",4
22,10024,"a = 'm'
b = 'u'
e = 88
f = 'j'
print(b + f * a * e * f + f)","Traceback (most recent call last):
  File ""C:\Users\ederi\home\cs\cs789\error-messages-study-app\temp.py"", line 5, in <module>
    print(b + f * a * e * f + f)
              ~~^~~
TypeError: can't multiply sequence by non-int of type 'str'
","Traceback (most recent call last):
  File ""C:\Users\ederi\home\cs\cs789\error-messages-study-app\temp.py"", line 5, in <module>
    print(b + f * a * e * f + f)
              ~~~~~
TypeError: can't multiply sequence by non-int of type 'str'
","Traceback (most recent call last):
  File ""C:\Users\ederi\home\cs\cs789\error-messages-study-app\temp.py"", line 5, in <module>
    print(b + f * a * e * f + f)
              
TypeError: can't multiply sequence by non-int of type 'str'
",1
23,10025,"a = 'h'
b = 'b'
c = 77
d = 'n'
e = 'c'
print(d * a + b * e + d + c)","Traceback (most recent call last):
  File ""C:\Users\ederi\home\cs\cs789\error-messages-study-app\temp.py"", line 6, in <module>
    print(d * a + b * e + d + c)
          ~~^~~
TypeError: can't multiply sequence by non-int of type 'str'
","Traceback (most recent call last):
  File ""C:\Users\ederi\home\cs\cs789\error-messages-study-app\temp.py"", line 6, in <module>
    print(d * a + b * e + d + c)
          ~~~~~
TypeError: can't multiply sequence by non-int of type 'str'
","Traceback (most recent call last):
  File ""C:\Users\ederi\home\cs\cs789\error-messages-study-app\temp.py"", line 6, in <module>
    print(d * a + b * e + d + c)
          
TypeError: can't multiply sequence by non-int of type 'str'
",0
24,10026,"b = 'e'
c = 67
d = 92
e = 'h'
f = 'v'
print(e * b * c + f + d * d)","Traceback (most recent call last):
  File ""C:\Users\ederi\home\cs\cs789\error-messages-study-app\temp.py"", line 6, in <module>
    print(e * b * c + f + d * d)
          ~~^~~
TypeError: can't multiply sequence by non-int of type 'str'
","Traceback (most recent call last):
  File ""C:\Users\ederi\home\cs\cs789\error-messages-study-app\temp.py"", line 6, in <module>
    print(e * b * c + f + d * d)
          ~~~~~
TypeError: can't multiply sequence by non-int of type 'str'
","Traceback (most recent call last):
  File ""C:\Users\ederi\home\cs\cs789\error-messages-study-app\temp.py"", line 6, in <module>
    print(e * b * c + f + d * d)
          
TypeError: can't multiply sequence by non-int of type 'str'
",0
25,10027,"b = 'b'
d = 'o'
e = 95
f = 68
print(b + f + f + f + e + d)","Traceback (most recent call last):
  File ""C:\Users\ederi\home\cs\cs789\error-messages-study-app\temp.py"", line 5, in <module>
    print(b + f + f + f + e + d)
          ~~^~~
TypeError: can only concatenate str (not ""int"") to str
","Traceback (most recent call last):
  File ""C:\Users\ederi\home\cs\cs789\error-messages-study-app\temp.py"", line 5, in <module>
    print(b + f + f + f + e + d)
          ~~~~~
TypeError: can only concatenate str (not ""int"") to str
","Traceback (most recent call last):
  File ""C:\Users\ederi\home\cs\cs789\error-messages-study-app\temp.py"", line 5, in <module>
    print(b + f + f + f + e + d)
          
TypeError: can only concatenate str (not ""int"") to str
",0
26,10028,"b = 'z'
c = 'k'
e = 'r'
print(c + b * b + c + b * e)","Traceback (most recent call last):
  File ""C:\Users\ederi\home\cs\cs789\error-messages-study-app\temp.py"", line 4, in <module>
    print(c + b * b + c + b * e)
              ~~^~~
TypeError: can't multiply sequence by non-int of type 'str'
","Traceback (most recent call last):
  File ""C:\Users\ederi\home\cs\cs789\error-messages-study-app\temp.py"", line 4, in <module>
    print(c + b * b + c + b * e)
              ~~~~~
TypeError: can't multiply sequence by non-int of type 'str'
","Traceback (most recent call last):
  File ""C:\Users\ederi\home\cs\cs789\error-messages-study-app\temp.py"", line 4, in <module>
    print(c + b * b + c + b * e)
              
TypeError: can't multiply sequence by non-int of type 'str'
",1
27,10029,"a = 'x'
b = 76
d = 81
e = 'k'
f = 'r'
print(b * d * a + f * b * e)","Traceback (most recent call last):
  File ""C:\Users\ederi\home\cs\cs789\error-messages-study-app\temp.py"", line 6, in <module>
    print(b * d * a + f * b * e)
                      ~~~~~~^~~
TypeError: can't multiply sequence by non-int of type 'str'
","Traceback (most recent call last):
  File ""C:\Users\ederi\home\cs\cs789\error-messages-study-app\temp.py"", line 6, in <module>
    print(b * d * a + f * b * e)
                      ~~~~~~~~~
TypeError: can't multiply sequence by non-int of type 'str'
","Traceback (most recent call last):
  File ""C:\Users\ederi\home\cs\cs789\error-messages-study-app\temp.py"", line 6, in <module>
    print(b * d * a + f * b * e)
                      
TypeError: can't multiply sequence by non-int of type 'str'
",4
28,10030,"b = 'f'
c = 'p'
e = 86
f = 97
print(e * c + f + e + b * e)","Traceback (most recent call last):
  File ""C:\Users\ederi\home\cs\cs789\error-messages-study-app\temp.py"", line 5, in <module>
    print(e * c + f + e + b * e)
          ~~~~~~^~~
TypeError: can only concatenate str (not ""int"") to str
","Traceback (most recent call last):
  File ""C:\Users\ederi\home\cs\cs789\error-messages-study-app\temp.py"", line 5, in <module>
    print(e * c + f + e + b * e)
          ~~~~~~~~~
TypeError: can only concatenate str (not ""int"") to str
","Traceback (most recent call last):
  File ""C:\Users\ederi\home\cs\cs789\error-messages-study-app\temp.py"", line 5, in <module>
    print(e * c + f + e + b * e)
          
TypeError: can only concatenate str (not ""int"") to str
",1
29,10031,"a = 67
b = 70
c = 'j'
e = 's'
f = 'y'
print(c * a + e * f + a + b)","Traceback (most recent call last):
  File ""C:\Users\ederi\home\cs\cs789\error-messages-study-app\temp.py"", line 6, in <module>
    print(c * a + e * f + a + b)
                  ~~^~~
TypeError: can't multiply sequence by non-int of type 'str'
","Traceback (most recent call last):
  File ""C:\Users\ederi\home\cs\cs789\error-messages-study-app\temp.py"", line 6, in <module>
    print(c * a + e * f + a + b)
                  ~~~~~
TypeError: can't multiply sequence by non-int of type 'str'
","Traceback (most recent call last):
  File ""C:\Users\ederi\home\cs\cs789\error-messages-study-app\temp.py"", line 6, in <module>
    print(c * a + e * f + a + b)
                  
TypeError: can't multiply sequence by non-int of type 'str'
",2
30,10032,"a = 99
b = 34
d = 'b'
f = 'p'
print(a * f * f + d * d + b)","Traceback (most recent call last):
  File ""C:\Users\ederi\home\cs\cs789\error-messages-study-app\temp.py"", line 5, in <module>
    print(a * f * f + d * d + b)
          ~~~~~~^~~
TypeError: can't multiply sequence by non-int of type 'str'
","Traceback (most recent call last):
  File ""C:\Users\ederi\home\cs\cs789\error-messages-study-app\temp.py"", line 5, in <module>
    print(a * f * f + d * d + b)
          ~~~~~~~~~
TypeError: can't multiply sequence by non-int of type 'str'
","Traceback (most recent call last):
  File ""C:\Users\ederi\home\cs\cs789\error-messages-study-app\temp.py"", line 5, in <module>
    print(a * f * f + d * d + b)
          
TypeError: can't multiply sequence by non-int of type 'str'
",1
31,10033,"b = 't'
c = 16
e = 'h'
f = 'u'
print(e * b * f * b + f + c)","Traceback (most recent call last):
  File ""C:\Users\ederi\home\cs\cs789\error-messages-study-app\temp.py"", line 5, in <module>
    print(e * b * f * b + f + c)
          ~~^~~
TypeError: can't multiply sequence by non-int of type 'str'
","Traceback (most recent call last):
  File ""C:\Users\ederi\home\cs\cs789\error-messages-study-app\temp.py"", line 5, in <module>
    print(e * b * f * b + f + c)
          ~~~~~
TypeError: can't multiply sequence by non-int of type 'str'
","Traceback (most recent call last):
  File ""C:\Users\ederi\home\cs\cs789\error-messages-study-app\temp.py"", line 5, in <module>
    print(e * b * f * b + f + c)
          
TypeError: can't multiply sequence by non-int of type 'str'
",0
32,10034,"d = 81
e = 'q'
f = 50
print(e + d + f * e * e + f)","Traceback (most recent call last):
  File ""C:\Users\ederi\home\cs\cs789\error-messages-study-app\temp.py"", line 4, in <module>
    print(e + d + f * e * e + f)
          ~~^~~
TypeError: can only concatenate str (not ""int"") to str
","Traceback (most recent call last):
  File ""C:\Users\ederi\home\cs\cs789\error-messages-study-app\temp.py"", line 4, in <module>
    print(e + d + f * e * e + f)
          ~~~~~
TypeError: can only concatenate str (not ""int"") to str
","Traceback (most recent call last):
  File ""C:\Users\ederi\home\cs\cs789\error-messages-study-app\temp.py"", line 4, in <module>
    print(e + d + f * e * e + f)
          
TypeError: can only concatenate str (not ""int"") to str
",0
33,10035,"a = 25
b = 81
c = 'n'
e = 18
print(e * e * a + b + c * c)","Traceback (most recent call last):
  File ""C:\Users\ederi\home\cs\cs789\error-messages-study-app\temp.py"", line 5, in <module>
    print(e * e * a + b + c * c)
                          ~~^~~
TypeError: can't multiply sequence by non-int of type 'str'
","Traceback (most recent call last):
  File ""C:\Users\ederi\home\cs\cs789\error-messages-study-app\temp.py"", line 5, in <module>
    print(e * e * a + b + c * c)
                          ~~~~~
TypeError: can't multiply sequence by non-int of type 'str'
","Traceback (most recent call last):
  File ""C:\Users\ederi\home\cs\cs789\error-messages-study-app\temp.py"", line 5, in <module>
    print(e * e * a + b + c * c)
                          
TypeError: can't multiply sequence by non-int of type 'str'
",4
34,10036,"a = 'i'
c = 'z'
e = 71
print(c * c * e + a * e * e)","Traceback (most recent call last):
  File ""C:\Users\ederi\home\cs\cs789\error-messages-study-app\temp.py"", line 4, in <module>
    print(c * c * e + a * e * e)
          ~~^~~
TypeError: can't multiply sequence by non-int of type 'str'
","Traceback (most recent call last):
  File ""C:\Users\ederi\home\cs\cs789\error-messages-study-app\temp.py"", line 4, in <module>
    print(c * c * e + a * e * e)
          ~~~~~
TypeError: can't multiply sequence by non-int of type 'str'
","Traceback (most recent call last):
  File ""C:\Users\ederi\home\cs\cs789\error-messages-study-app\temp.py"", line 4, in <module>
    print(c * c * e + a * e * e)
          
TypeError: can't multiply sequence by non-int of type 'str'
",0
35,10037,"b = 63
c = 'i'
d = 'a'
e = 15
print(b + b * d * c + d * e)","Traceback (most recent call last):
  File ""C:\Users\ederi\home\cs\cs789\error-messages-study-app\temp.py"", line 5, in <module>
    print(b + b * d * c + d * e)
              ~~~~~~^~~
TypeError: can't multiply sequence by non-int of type 'str'
","Traceback (most recent call last):
  File ""C:\Users\ederi\home\cs\cs789\error-messages-study-app\temp.py"", line 5, in <module>
    print(b + b * d * c + d * e)
              ~~~~~~~~~
TypeError: can't multiply sequence by non-int of type 'str'
","Traceback (most recent call last):
  File ""C:\Users\ederi\home\cs\cs789\error-messages-study-app\temp.py"", line 5, in <module>
    print(b + b * d * c + d * e)
              
TypeError: can't multiply sequence by non-int of type 'str'
",2
36,10038,"a = 'v'
c = 75
d = 10
e = 'n'
f = 43
print(a + c * f * c + d * e)","Traceback (most recent call last):
  File ""C:\Users\ederi\home\cs\cs789\error-messages-study-app\temp.py"", line 6, in <module>
    print(a + c * f * c + d * e)
          ~~^~~~~~~~~~~
TypeError: can only concatenate str (not ""int"") to str
","Traceback (most recent call last):
  File ""C:\Users\ederi\home\cs\cs789\error-messages-study-app\temp.py"", line 6, in <module>
    print(a + c * f * c + d * e)
          ~~~~~~~~~~~~~
TypeError: can only concatenate str (not ""int"") to str
","Traceback (most recent call last):
  File ""C:\Users\ederi\home\cs\cs789\error-messages-study-app\temp.py"", line 6, in <module>
    print(a + c * f * c + d * e)
          
TypeError: can only concatenate str (not ""int"") to str
",0
37,10039,"b = 59
c = 'm'
d = 32
print(b * b + d * b + d * c)","Traceback (most recent call last):
  File ""C:\Users\ederi\home\cs\cs789\error-messages-study-app\temp.py"", line 4, in <module>
    print(b * b + d * b + d * c)
          ~~~~~~~~~~~~~~^~~~~~~
TypeError: unsupported operand type(s) for +: 'int' and 'str'
","Traceback (most recent call last):
  File ""C:\Users\ederi\home\cs\cs789\error-messages-study-app\temp.py"", line 4, in <module>
    print(b * b + d * b + d * c)
          ~~~~~~~~~~~~~~~~~~~~~
TypeError: unsupported operand type(s) for +: 'int' and 'str'
","Traceback (most recent call last):
  File ""C:\Users\ederi\home\cs\cs789\error-messages-study-app\temp.py"", line 4, in <module>
    print(b * b + d * b + d * c)
          
TypeError: unsupported operand type(s) for +: 'int' and 'str'
",3
38,10040,"a = 'g'
c = 77
d = 89
f = 'e'
print(f * a * c * f * d + c)","Traceback (most recent call last):
  File ""C:\Users\ederi\home\cs\cs789\error-messages-study-app\temp.py"", line 5, in <module>
    print(f * a * c * f * d + c)
          ~~^~~
TypeError: can't multiply sequence by non-int of type 'str'
","Traceback (most recent call last):
  File ""C:\Users\ederi\home\cs\cs789\error-messages-study-app\temp.py"", line 5, in <module>
    print(f * a * c * f * d + c)
          ~~~~~
TypeError: can't multiply sequence by non-int of type 'str'
","Traceback (most recent call last):
  File ""C:\Users\ederi\home\cs\cs789\error-messages-study-app\temp.py"", line 5, in <module>
    print(f * a * c * f * d + c)
          
TypeError: can't multiply sequence by non-int of type 'str'
",0
39,10041,"c = 90
d = 's'
e = 's'
f = 55
print(d + c + e + f * d * d)","Traceback (most recent call last):
  File ""C:\Users\ederi\home\cs\cs789\error-messages-study-app\temp.py"", line 5, in <module>
    print(d + c + e + f * d * d)
          ~~^~~
TypeError: can only concatenate str (not ""int"") to str
","Traceback (most recent call last):
  File ""C:\Users\ederi\home\cs\cs789\error-messages-study-app\temp.py"", line 5, in <module>
    print(d + c + e + f * d * d)
          ~~~~~
TypeError: can only concatenate str (not ""int"") to str
","Traceback (most recent call last):
  File ""C:\Users\ederi\home\cs\cs789\error-messages-study-app\temp.py"", line 5, in <module>
    print(d + c + e + f * d * d)
          
TypeError: can only concatenate str (not ""int"") to str
",0
40,10042,"b = 79
c = 'u'
d = 'p'
f = 84
print(c * f + d + b + c + d)","Traceback (most recent call last):
  File ""C:\Users\ederi\home\cs\cs789\error-messages-study-app\temp.py"", line 5, in <module>
    print(c * f + d + b + c + d)
          ~~~~~~~~~~^~~
TypeError: can only concatenate str (not ""int"") to str
","Traceback (most recent call last):
  File ""C:\Users\ederi\home\cs\cs789\error-messages-study-app\temp.py"", line 5, in <module>
    print(c * f + d + b + c + d)
          ~~~~~~~~~~~~~
TypeError: can only concatenate str (not ""int"") to str
","Traceback (most recent call last):
  File ""C:\Users\ederi\home\cs\cs789\error-messages-study-app\temp.py"", line 5, in <module>
    print(c * f + d + b + c + d)
          
TypeError: can only concatenate str (not ""int"") to str
",2
41,10043,"a = 30
b = 's'
c = 31
d = 39
print(a * c * b + d + c + c)","Traceback (most recent call last):
  File ""C:\Users\ederi\home\cs\cs789\error-messages-study-app\temp.py"", line 5, in <module>
    print(a * c * b + d + c + c)
          ~~~~~~~~~~^~~
TypeError: can only concatenate str (not ""int"") to str
","Traceback (most recent call last):
  File ""C:\Users\ederi\home\cs\cs789\error-messages-study-app\temp.py"", line 5, in <module>
    print(a * c * b + d + c + c)
          ~~~~~~~~~~~~~
TypeError: can only concatenate str (not ""int"") to str
","Traceback (most recent call last):
  File ""C:\Users\ederi\home\cs\cs789\error-messages-study-app\temp.py"", line 5, in <module>
    print(a * c * b + d + c + c)
          
TypeError: can only concatenate str (not ""int"") to str
",2
42,10044,"b = 'x'
c = 51
d = 'f'
f = 93
print(b + c + d + b * f * c)","Traceback (most recent call last):
  File ""C:\Users\ederi\home\cs\cs789\error-messages-study-app\temp.py"", line 5, in <module>
    print(b + c + d + b * f * c)
          ~~^~~
TypeError: can only concatenate str (not ""int"") to str
","Traceback (most recent call last):
  File ""C:\Users\ederi\home\cs\cs789\error-messages-study-app\temp.py"", line 5, in <module>
    print(b + c + d + b * f * c)
          ~~~~~
TypeError: can only concatenate str (not ""int"") to str
","Traceback (most recent call last):
  File ""C:\Users\ederi\home\cs\cs789\error-messages-study-app\temp.py"", line 5, in <module>
    print(b + c + d + b * f * c)
          
TypeError: can only concatenate str (not ""int"") to str
",0
43,10045,"a = 'w'
b = 58
c = 'x'
e = 76
f = 't'
print(c * e + f * a * b * f)","Traceback (most recent call last):
  File ""C:\Users\ederi\home\cs\cs789\error-messages-study-app\temp.py"", line 6, in <module>
    print(c * e + f * a * b * f)
                  ~~^~~
TypeError: can't multiply sequence by non-int of type 'str'
","Traceback (most recent call last):
  File ""C:\Users\ederi\home\cs\cs789\error-messages-study-app\temp.py"", line 6, in <module>
    print(c * e + f * a * b * f)
                  ~~~~~
TypeError: can't multiply sequence by non-int of type 'str'
","Traceback (most recent call last):
  File ""C:\Users\ederi\home\cs\cs789\error-messages-study-app\temp.py"", line 6, in <module>
    print(c * e + f * a * b * f)
                  
TypeError: can't multiply sequence by non-int of type 'str'
",2
44,10046,"a = 28
c = 75
d = 'm'
e = 50
print(c + d + d * e * a + c)","Traceback (most recent call last):
  File ""C:\Users\ederi\home\cs\cs789\error-messages-study-app\temp.py"", line 5, in <module>
    print(c + d + d * e * a + c)
          ~~^~~
TypeError: unsupported operand type(s) for +: 'int' and 'str'
","Traceback (most recent call last):
  File ""C:\Users\ederi\home\cs\cs789\error-messages-study-app\temp.py"", line 5, in <module>
    print(c + d + d * e * a + c)
          ~~~~~
TypeError: unsupported operand type(s) for +: 'int' and 'str'
","Traceback (most recent call last):
  File ""C:\Users\ederi\home\cs\cs789\error-messages-study-app\temp.py"", line 5, in <module>
    print(c + d + d * e * a + c)
          
TypeError: unsupported operand type(s) for +: 'int' and 'str'
",0
45,10047,"b = 94
c = 'r'
d = 74
print(d * d * c + c + b + c)","Traceback (most recent call last):
  File ""C:\Users\ederi\home\cs\cs789\error-messages-study-app\temp.py"", line 4, in <module>
    print(d * d * c + c + b + c)
          ~~~~~~~~~~~~~~^~~
TypeError: can only concatenate str (not ""int"") to str
","Traceback (most recent call last):
  File ""C:\Users\ederi\home\cs\cs789\error-messages-study-app\temp.py"", line 4, in <module>
    print(d * d * c + c + b + c)
          ~~~~~~~~~~~~~~~~~
TypeError: can only concatenate str (not ""int"") to str
","Traceback (most recent call last):
  File ""C:\Users\ederi\home\cs\cs789\error-messages-study-app\temp.py"", line 4, in <module>
    print(d * d * c + c + b + c)
          
TypeError: can only concatenate str (not ""int"") to str
",3
46,10048,"a = 14
b = 30
c = 'p'
d = 2
f = 83
print(f * a * d * c * d + b)","Traceback (most recent call last):
  File ""C:\Users\ederi\home\cs\cs789\error-messages-study-app\temp.py"", line 6, in <module>
    print(f * a * d * c * d + b)
          ~~~~~~~~~~~~~~~~~~^~~
TypeError: can only concatenate str (not ""int"") to str
","Traceback (most recent call last):
  File ""C:\Users\ederi\home\cs\cs789\error-messages-study-app\temp.py"", line 6, in <module>
    print(f * a * d * c * d + b)
          ~~~~~~~~~~~~~~~~~~~~~
TypeError: can only concatenate str (not ""int"") to str
","Traceback (most recent call last):
  File ""C:\Users\ederi\home\cs\cs789\error-messages-study-app\temp.py"", line 6, in <module>
    print(f * a * d * c * d + b)
          
TypeError: can only concatenate str (not ""int"") to str
",4
47,10049,"a = 'd'
d = 'q'
e = 'y'
f = 20
print(a + d + f * d * d * e)","Traceback (most recent call last):
  File ""C:\Users\ederi\home\cs\cs789\error-messages-study-app\temp.py"", line 5, in <module>
    print(a + d + f * d * d * e)
                  ~~~~~~^~~
TypeError: can't multiply sequence by non-int of type 'str'
","Traceback (most recent call last):
  File ""C:\Users\ederi\home\cs\cs789\error-messages-study-app\temp.py"", line 5, in <module>
    print(a + d + f * d * d * e)
                  ~~~~~~~~~
TypeError: can't multiply sequence by non-int of type 'str'
","Traceback (most recent call last):
  File ""C:\Users\ederi\home\cs\cs789\error-messages-study-app\temp.py"", line 5, in <module>
    print(a + d + f * d * d * e)
                  
TypeError: can't multiply sequence by non-int of type 'str'
",3
48,10050,"a = 37
b = 24
c = 81
d = 57
e = 'y'
print(b * c + e * d + b * a)","Traceback (most recent call last):
  File ""C:\Users\ederi\home\cs\cs789\error-messages-study-app\temp.py"", line 6, in <module>
    print(b * c + e * d + b * a)
          ~~~~~~^~~~~~~
TypeError: unsupported operand type(s) for +: 'int' and 'str'
","Traceback (most recent call last):
  File ""C:\Users\ederi\home\cs\cs789\error-messages-study-app\temp.py"", line 6, in <module>
    print(b * c + e * d + b * a)
          ~~~~~~~~~~~~~
TypeError: unsupported operand type(s) for +: 'int' and 'str'
","Traceback (most recent call last):
  File ""C:\Users\ederi\home\cs\cs789\error-messages-study-app\temp.py"", line 6, in <module>
    print(b * c + e * d + b * a)
          
TypeError: unsupported operand type(s) for +: 'int' and 'str'
",1
49,10051,"c = 'c'
d = 21
f = 'e'
print(c * f * f + f + d * c)","Traceback (most recent call last):
  File ""C:\Users\ederi\home\cs\cs789\error-messages-study-app\temp.py"", line 4, in <module>
    print(c * f * f + f + d * c)
          ~~^~~
TypeError: can't multiply sequence by non-int of type 'str'
","Traceback (most recent call last):
  File ""C:\Users\ederi\home\cs\cs789\error-messages-study-app\temp.py"", line 4, in <module>
    print(c * f * f + f + d * c)
          ~~~~~
TypeError: can't multiply sequence by non-int of type 'str'
","Traceback (most recent call last):
  File ""C:\Users\ederi\home\cs\cs789\error-messages-study-app\temp.py"", line 4, in <module>
    print(c * f * f + f + d * c)
          
TypeError: can't multiply sequence by non-int of type 'str'
",0
50,10052,"b = 'z'
d = 'x'
f = 'm'
print(d + b + d + f * d + f)","Traceback (most recent call last):
  File ""C:\Users\ederi\home\cs\cs789\error-messages-study-app\temp.py"", line 4, in <module>
    print(d + b + d + f * d + f)
                      ~~^~~
TypeError: can't multiply sequence by non-int of type 'str'
","Traceback (most recent call last):
  File ""C:\Users\ederi\home\cs\cs789\error-messages-study-app\temp.py"", line 4, in <module>
    print(d + b + d + f * d + f)
                      ~~~~~
TypeError: can't multiply sequence by non-int of type 'str'
","Traceback (most recent call last):
  File ""C:\Users\ederi\home\cs\cs789\error-messages-study-app\temp.py"", line 4, in <module>
    print(d + b + d + f * d + f)
                      
TypeError: can't multiply sequence by non-int of type 'str'
",3
51,10054,"a = 'i'
b = 12
e = 28
f = 'n'
print(f * a + e * a + b * e)","Traceback (most recent call last):
  File ""C:\Users\ederi\home\cs\cs789\error-messages-study-app\temp.py"", line 5, in <module>
    print(f * a + e * a + b * e)
          ~~^~~
TypeError: can't multiply sequence by non-int of type 'str'
","Traceback (most recent call last):
  File ""C:\Users\ederi\home\cs\cs789\error-messages-study-app\temp.py"", line 5, in <module>
    print(f * a + e * a + b * e)
          ~~~~~
TypeError: can't multiply sequence by non-int of type 'str'
","Traceback (most recent call last):
  File ""C:\Users\ederi\home\cs\cs789\error-messages-study-app\temp.py"", line 5, in <module>
    print(f * a + e * a + b * e)
          
TypeError: can't multiply sequence by non-int of type 'str'
",0
52,10055,"d = 'a'
e = 'm'
f = 'x'
print(e * e * f * f + d + d)","Traceback (most recent call last):
  File ""C:\Users\ederi\home\cs\cs789\error-messages-study-app\temp.py"", line 4, in <module>
    print(e * e * f * f + d + d)
          ~~^~~
TypeError: can't multiply sequence by non-int of type 'str'
","Traceback (most recent call last):
  File ""C:\Users\ederi\home\cs\cs789\error-messages-study-app\temp.py"", line 4, in <module>
    print(e * e * f * f + d + d)
          ~~~~~
TypeError: can't multiply sequence by non-int of type 'str'
","Traceback (most recent call last):
  File ""C:\Users\ederi\home\cs\cs789\error-messages-study-app\temp.py"", line 4, in <module>
    print(e * e * f * f + d + d)
          
TypeError: can't multiply sequence by non-int of type 'str'
",0
53,10056,"a = 11
e = 18
f = 'q'
print(a + f * e * f + f * e)","Traceback (most recent call last):
  File ""C:\Users\ederi\home\cs\cs789\error-messages-study-app\temp.py"", line 4, in <module>
    print(a + f * e * f + f * e)
              ~~~~~~^~~
TypeError: can't multiply sequence by non-int of type 'str'
","Traceback (most recent call last):
  File ""C:\Users\ederi\home\cs\cs789\error-messages-study-app\temp.py"", line 4, in <module>
    print(a + f * e * f + f * e)
              ~~~~~~~~~
TypeError: can't multiply sequence by non-int of type 'str'
","Traceback (most recent call last):
  File ""C:\Users\ederi\home\cs\cs789\error-messages-study-app\temp.py"", line 4, in <module>
    print(a + f * e * f + f * e)
              
TypeError: can't multiply sequence by non-int of type 'str'
",2
54,10057,"a = 85
c = 'd'
e = 7
f = 78
print(a * f * c + e + e * f)","Traceback (most recent call last):
  File ""C:\Users\ederi\home\cs\cs789\error-messages-study-app\temp.py"", line 5, in <module>
    print(a * f * c + e + e * f)
          ~~~~~~~~~~^~~
TypeError: can only concatenate str (not ""int"") to str
","Traceback (most recent call last):
  File ""C:\Users\ederi\home\cs\cs789\error-messages-study-app\temp.py"", line 5, in <module>
    print(a * f * c + e + e * f)
          ~~~~~~~~~~~~~
TypeError: can only concatenate str (not ""int"") to str
","Traceback (most recent call last):
  File ""C:\Users\ederi\home\cs\cs789\error-messages-study-app\temp.py"", line 5, in <module>
    print(a * f * c + e + e * f)
          
TypeError: can only concatenate str (not ""int"") to str
",2
55,10058,"b = 'j'
c = 0
d = 20
e = 77
f = 'q'
print(b + c * c + d + f + e)","Traceback (most recent call last):
  File ""C:\Users\ederi\home\cs\cs789\error-messages-study-app\temp.py"", line 6, in <module>
    print(b + c * c + d + f + e)
          ~~^~~~~~~
TypeError: can only concatenate str (not ""int"") to str
","Traceback (most recent call last):
  File ""C:\Users\ederi\home\cs\cs789\error-messages-study-app\temp.py"", line 6, in <module>
    print(b + c * c + d + f + e)
          ~~~~~~~~~
TypeError: can only concatenate str (not ""int"") to str
","Traceback (most recent call last):
  File ""C:\Users\ederi\home\cs\cs789\error-messages-study-app\temp.py"", line 6, in <module>
    print(b + c * c + d + f + e)
          
TypeError: can only concatenate str (not ""int"") to str
",0
56,10059,"b = 't'
c = 45
d = 'q'
e = 'c'
print(c * d * c + e * d * b)","Traceback (most recent call last):
  File ""C:\Users\ederi\home\cs\cs789\error-messages-study-app\temp.py"", line 5, in <module>
    print(c * d * c + e * d * b)
                      ~~^~~
TypeError: can't multiply sequence by non-int of type 'str'
","Traceback (most recent call last):
  File ""C:\Users\ederi\home\cs\cs789\error-messages-study-app\temp.py"", line 5, in <module>
    print(c * d * c + e * d * b)
                      ~~~~~
TypeError: can't multiply sequence by non-int of type 'str'
","Traceback (most recent call last):
  File ""C:\Users\ederi\home\cs\cs789\error-messages-study-app\temp.py"", line 5, in <module>
    print(c * d * c + e * d * b)
                      
TypeError: can't multiply sequence by non-int of type 'str'
",3
57,10060,"a = 4
b = 'l'
d = 35
e = 'n'
print(d * a * e * b * a + e)","Traceback (most recent call last):
  File ""C:\Users\ederi\home\cs\cs789\error-messages-study-app\temp.py"", line 5, in <module>
    print(d * a * e * b * a + e)
          ~~~~~~~~~~^~~
TypeError: can't multiply sequence by non-int of type 'str'
","Traceback (most recent call last):
  File ""C:\Users\ederi\home\cs\cs789\error-messages-study-app\temp.py"", line 5, in <module>
    print(d * a * e * b * a + e)
          ~~~~~~~~~~~~~
TypeError: can't multiply sequence by non-int of type 'str'
","Traceback (most recent call last):
  File ""C:\Users\ederi\home\cs\cs789\error-messages-study-app\temp.py"", line 5, in <module>
    print(d * a * e * b * a + e)
          
TypeError: can't multiply sequence by non-int of type 'str'
",2
58,10061,"b = 20
d = 'a'
e = 71
f = 29
print(f + d * f * f * e * b)","Traceback (most recent call last):
  File ""C:\Users\ederi\home\cs\cs789\error-messages-study-app\temp.py"", line 5, in <module>
    print(f + d * f * f * e * b)
          ~~^~~~~~~~~~~~~~~~~~~
TypeError: unsupported operand type(s) for +: 'int' and 'str'
","Traceback (most recent call last):
  File ""C:\Users\ederi\home\cs\cs789\error-messages-study-app\temp.py"", line 5, in <module>
    print(f + d * f * f * e * b)
          ~~~~~~~~~~~~~~~~~~~~~
TypeError: unsupported operand type(s) for +: 'int' and 'str'
","Traceback (most recent call last):
  File ""C:\Users\ederi\home\cs\cs789\error-messages-study-app\temp.py"", line 5, in <module>
    print(f + d * f * f * e * b)
          
TypeError: unsupported operand type(s) for +: 'int' and 'str'
",0
59,10062,"b = 38
c = 25
d = 99
e = 'u'
f = 6
print(d + b + f + e * d * c)","Traceback (most recent call last):
  File ""C:\Users\ederi\home\cs\cs789\error-messages-study-app\temp.py"", line 6, in <module>
    print(d + b + f + e * d * c)
          ~~~~~~~~~~^~~~~~~~~~~
TypeError: unsupported operand type(s) for +: 'int' and 'str'
","Traceback (most recent call last):
  File ""C:\Users\ederi\home\cs\cs789\error-messages-study-app\temp.py"", line 6, in <module>
    print(d + b + f + e * d * c)
          ~~~~~~~~~~~~~~~~~~~~~
TypeError: unsupported operand type(s) for +: 'int' and 'str'
","Traceback (most recent call last):
  File ""C:\Users\ederi\home\cs\cs789\error-messages-study-app\temp.py"", line 6, in <module>
    print(d + b + f + e * d * c)
          
TypeError: unsupported operand type(s) for +: 'int' and 'str'
",2
60,10063,"a = 'c'
b = 'o'
d = 72
e = 'b'
print(b * d * e * b * b * a)","Traceback (most recent call last):
  File ""C:\Users\ederi\home\cs\cs789\error-messages-study-app\temp.py"", line 5, in <module>
    print(b * d * e * b * b * a)
          ~~~~~~^~~
TypeError: can't multiply sequence by non-int of type 'str'
","Traceback (most recent call last):
  File ""C:\Users\ederi\home\cs\cs789\error-messages-study-app\temp.py"", line 5, in <module>
    print(b * d * e * b * b * a)
          ~~~~~~~~~
TypeError: can't multiply sequence by non-int of type 'str'
","Traceback (most recent call last):
  File ""C:\Users\ederi\home\cs\cs789\error-messages-study-app\temp.py"", line 5, in <module>
    print(b * d * e * b * b * a)
          
TypeError: can't multiply sequence by non-int of type 'str'
",1
61,10064,"b = 32
c = 87
e = 's'
print(e * c * e + e + b * e)","Traceback (most recent call last):
  File ""C:\Users\ederi\home\cs\cs789\error-messages-study-app\temp.py"", line 4, in <module>
    print(e * c * e + e + b * e)
          ~~~~~~^~~
TypeError: can't multiply sequence by non-int of type 'str'
","Traceback (most recent call last):
  File ""C:\Users\ederi\home\cs\cs789\error-messages-study-app\temp.py"", line 4, in <module>
    print(e * c * e + e + b * e)
          ~~~~~~~~~
TypeError: can't multiply sequence by non-int of type 'str'
","Traceback (most recent call last):
  File ""C:\Users\ederi\home\cs\cs789\error-messages-study-app\temp.py"", line 4, in <module>
    print(e * c * e + e + b * e)
          
TypeError: can't multiply sequence by non-int of type 'str'
",1
62,10066,"a = 'd'
c = 's'
f = 74
print(c + c * a * a + c * f)","Traceback (most recent call last):
  File ""C:\Users\ederi\home\cs\cs789\error-messages-study-app\temp.py"", line 4, in <module>
    print(c + c * a * a + c * f)
              ~~^~~
TypeError: can't multiply sequence by non-int of type 'str'
","Traceback (most recent call last):
  File ""C:\Users\ederi\home\cs\cs789\error-messages-study-app\temp.py"", line 4, in <module>
    print(c + c * a * a + c * f)
              ~~~~~
TypeError: can't multiply sequence by non-int of type 'str'
","Traceback (most recent call last):
  File ""C:\Users\ederi\home\cs\cs789\error-messages-study-app\temp.py"", line 4, in <module>
    print(c + c * a * a + c * f)
              
TypeError: can't multiply sequence by non-int of type 'str'
",1
63,10067,"c = 's'
d = 'p'
f = 61
print(c * f * c + c * d + d)","Traceback (most recent call last):
  File ""C:\Users\ederi\home\cs\cs789\error-messages-study-app\temp.py"", line 4, in <module>
    print(c * f * c + c * d + d)
          ~~~~~~^~~
TypeError: can't multiply sequence by non-int of type 'str'
","Traceback (most recent call last):
  File ""C:\Users\ederi\home\cs\cs789\error-messages-study-app\temp.py"", line 4, in <module>
    print(c * f * c + c * d + d)
          ~~~~~~~~~
TypeError: can't multiply sequence by non-int of type 'str'
","Traceback (most recent call last):
  File ""C:\Users\ederi\home\cs\cs789\error-messages-study-app\temp.py"", line 4, in <module>
    print(c * f * c + c * d + d)
          
TypeError: can't multiply sequence by non-int of type 'str'
",1
64,10068,"a = 39
c = 25
e = 'f'
print(a + a + a * c + e + c)","Traceback (most recent call last):
  File ""C:\Users\ederi\home\cs\cs789\error-messages-study-app\temp.py"", line 4, in <module>
    print(a + a + a * c + e + c)
          ~~~~~~~~~~~~~~^~~
TypeError: unsupported operand type(s) for +: 'int' and 'str'
","Traceback (most recent call last):
  File ""C:\Users\ederi\home\cs\cs789\error-messages-study-app\temp.py"", line 4, in <module>
    print(a + a + a * c + e + c)
          ~~~~~~~~~~~~~~~~~
TypeError: unsupported operand type(s) for +: 'int' and 'str'
","Traceback (most recent call last):
  File ""C:\Users\ederi\home\cs\cs789\error-messages-study-app\temp.py"", line 4, in <module>
    print(a + a + a * c + e + c)
          
TypeError: unsupported operand type(s) for +: 'int' and 'str'
",3
65,10071,"a = 'y'
b = 17
d = 'y'
e = 36
print(b + e * d + d * e + a)","Traceback (most recent call last):
  File ""C:\Users\ederi\home\cs\cs789\error-messages-study-app\temp.py"", line 5, in <module>
    print(b + e * d + d * e + a)
          ~~^~~~~~~
TypeError: unsupported operand type(s) for +: 'int' and 'str'
","Traceback (most recent call last):
  File ""C:\Users\ederi\home\cs\cs789\error-messages-study-app\temp.py"", line 5, in <module>
    print(b + e * d + d * e + a)
          ~~~~~~~~~
TypeError: unsupported operand type(s) for +: 'int' and 'str'
","Traceback (most recent call last):
  File ""C:\Users\ederi\home\cs\cs789\error-messages-study-app\temp.py"", line 5, in <module>
    print(b + e * d + d * e + a)
          
TypeError: unsupported operand type(s) for +: 'int' and 'str'
",0
66,10072,"a = 'g'
b = 't'
d = 86
e = 'e'
f = 60
print(a + d + f + e * b * d)","Traceback (most recent call last):
  File ""C:\Users\ederi\home\cs\cs789\error-messages-study-app\temp.py"", line 6, in <module>
    print(a + d + f + e * b * d)
          ~~^~~
TypeError: can only concatenate str (not ""int"") to str
","Traceback (most recent call last):
  File ""C:\Users\ederi\home\cs\cs789\error-messages-study-app\temp.py"", line 6, in <module>
    print(a + d + f + e * b * d)
          ~~~~~
TypeError: can only concatenate str (not ""int"") to str
","Traceback (most recent call last):
  File ""C:\Users\ederi\home\cs\cs789\error-messages-study-app\temp.py"", line 6, in <module>
    print(a + d + f + e * b * d)
          
TypeError: can only concatenate str (not ""int"") to str
",0
67,10074,"a = 84
b = 'z'
e = 'n'
f = 'j'
print(a + a + b + f + f + e)","Traceback (most recent call last):
  File ""C:\Users\ederi\home\cs\cs789\error-messages-study-app\temp.py"", line 5, in <module>
    print(a + a + b + f + f + e)
          ~~~~~~^~~
TypeError: unsupported operand type(s) for +: 'int' and 'str'
","Traceback (most recent call last):
  File ""C:\Users\ederi\home\cs\cs789\error-messages-study-app\temp.py"", line 5, in <module>
    print(a + a + b + f + f + e)
          ~~~~~~~~~
TypeError: unsupported operand type(s) for +: 'int' and 'str'
","Traceback (most recent call last):
  File ""C:\Users\ederi\home\cs\cs789\error-messages-study-app\temp.py"", line 5, in <module>
    print(a + a + b + f + f + e)
          
TypeError: unsupported operand type(s) for +: 'int' and 'str'
",1
68,10076,"a = 93
e = 'r'
f = 42
print(e + a * a + e * a + f)","Traceback (most recent call last):
  File ""C:\Users\ederi\home\cs\cs789\error-messages-study-app\temp.py"", line 4, in <module>
    print(e + a * a + e * a + f)
          ~~^~~~~~~
TypeError: can only concatenate str (not ""int"") to str
","Traceback (most recent call last):
  File ""C:\Users\ederi\home\cs\cs789\error-messages-study-app\temp.py"", line 4, in <module>
    print(e + a * a + e * a + f)
          ~~~~~~~~~
TypeError: can only concatenate str (not ""int"") to str
","Traceback (most recent call last):
  File ""C:\Users\ederi\home\cs\cs789\error-messages-study-app\temp.py"", line 4, in <module>
    print(e + a * a + e * a + f)
          
TypeError: can only concatenate str (not ""int"") to str
",0
69,10077,"a = 60
c = 'r'
d = 'r'
f = 58
print(a * c + a + f + d + c)","Traceback (most recent call last):
  File ""C:\Users\ederi\home\cs\cs789\error-messages-study-app\temp.py"", line 5, in <module>
    print(a * c + a + f + d + c)
          ~~~~~~^~~
TypeError: can only concatenate str (not ""int"") to str
","Traceback (most recent call last):
  File ""C:\Users\ederi\home\cs\cs789\error-messages-study-app\temp.py"", line 5, in <module>
    print(a * c + a + f + d + c)
          ~~~~~~~~~
TypeError: can only concatenate str (not ""int"") to str
","Traceback (most recent call last):
  File ""C:\Users\ederi\home\cs\cs789\error-messages-study-app\temp.py"", line 5, in <module>
    print(a * c + a + f + d + c)
          
TypeError: can only concatenate str (not ""int"") to str
",1
70,10079,"b = 'r'
c = 57
e = 49
f = 88
print(c + e + c * b + b * f)","Traceback (most recent call last):
  File ""C:\Users\ederi\home\cs\cs789\error-messages-study-app\temp.py"", line 5, in <module>
    print(c + e + c * b + b * f)
          ~~~~~~^~~~~~~
TypeError: unsupported operand type(s) for +: 'int' and 'str'
","Traceback (most recent call last):
  File ""C:\Users\ederi\home\cs\cs789\error-messages-study-app\temp.py"", line 5, in <module>
    print(c + e + c * b + b * f)
          ~~~~~~~~~~~~~
TypeError: unsupported operand type(s) for +: 'int' and 'str'
","Traceback (most recent call last):
  File ""C:\Users\ederi\home\cs\cs789\error-messages-study-app\temp.py"", line 5, in <module>
    print(c + e + c * b + b * f)
          
TypeError: unsupported operand type(s) for +: 'int' and 'str'
",1
71,10080,"a = 'd'
b = 86
d = 'n'
print(a + d * b + a * d + b)","Traceback (most recent call last):
  File ""C:\Users\ederi\home\cs\cs789\error-messages-study-app\temp.py"", line 4, in <module>
    print(a + d * b + a * d + b)
                      ~~^~~
TypeError: can't multiply sequence by non-int of type 'str'
","Traceback (most recent call last):
  File ""C:\Users\ederi\home\cs\cs789\error-messages-study-app\temp.py"", line 4, in <module>
    print(a + d * b + a * d + b)
                      ~~~~~
TypeError: can't multiply sequence by non-int of type 'str'
","Traceback (most recent call last):
  File ""C:\Users\ederi\home\cs\cs789\error-messages-study-app\temp.py"", line 4, in <module>
    print(a + d * b + a * d + b)
                      
TypeError: can't multiply sequence by non-int of type 'str'
",3
72,10081,"b = 'x'
c = 54
d = 87
f = 'a'
print(b * f * b * d * b * c)","Traceback (most recent call last):
  File ""C:\Users\ederi\home\cs\cs789\error-messages-study-app\temp.py"", line 5, in <module>
    print(b * f * b * d * b * c)
          ~~^~~
TypeError: can't multiply sequence by non-int of type 'str'
","Traceback (most recent call last):
  File ""C:\Users\ederi\home\cs\cs789\error-messages-study-app\temp.py"", line 5, in <module>
    print(b * f * b * d * b * c)
          ~~~~~
TypeError: can't multiply sequence by non-int of type 'str'
","Traceback (most recent call last):
  File ""C:\Users\ederi\home\cs\cs789\error-messages-study-app\temp.py"", line 5, in <module>
    print(b * f * b * d * b * c)
          
TypeError: can't multiply sequence by non-int of type 'str'
",0
73,10082,"a = 'e'
b = 'e'
c = 25
d = 37
print(a * b * d + d * c * b)","Traceback (most recent call last):
  File ""C:\Users\ederi\home\cs\cs789\error-messages-study-app\temp.py"", line 5, in <module>
    print(a * b * d + d * c * b)
          ~~^~~
TypeError: can't multiply sequence by non-int of type 'str'
","Traceback (most recent call last):
  File ""C:\Users\ederi\home\cs\cs789\error-messages-study-app\temp.py"", line 5, in <module>
    print(a * b * d + d * c * b)
          ~~~~~
TypeError: can't multiply sequence by non-int of type 'str'
","Traceback (most recent call last):
  File ""C:\Users\ederi\home\cs\cs789\error-messages-study-app\temp.py"", line 5, in <module>
    print(a * b * d + d * c * b)
          
TypeError: can't multiply sequence by non-int of type 'str'
",0
74,10083,"a = 3
b = 'e'
c = 'k'
d = 'w'
print(d * b * c + d + b * a)","Traceback (most recent call last):
  File ""C:\Users\ederi\home\cs\cs789\error-messages-study-app\temp.py"", line 5, in <module>
    print(d * b * c + d + b * a)
          ~~^~~
TypeError: can't multiply sequence by non-int of type 'str'
","Traceback (most recent call last):
  File ""C:\Users\ederi\home\cs\cs789\error-messages-study-app\temp.py"", line 5, in <module>
    print(d * b * c + d + b * a)
          ~~~~~
TypeError: can't multiply sequence by non-int of type 'str'
","Traceback (most recent call last):
  File ""C:\Users\ederi\home\cs\cs789\error-messages-study-app\temp.py"", line 5, in <module>
    print(d * b * c + d + b * a)
          
TypeError: can't multiply sequence by non-int of type 'str'
",0
75,10084,"a = 78
c = 69
d = 'o'
e = 11
print(e * a + c + e * d + c)","Traceback (most recent call last):
  File ""C:\Users\ederi\home\cs\cs789\error-messages-study-app\temp.py"", line 5, in <module>
    print(e * a + c + e * d + c)
          ~~~~~~~~~~^~~~~~~
TypeError: unsupported operand type(s) for +: 'int' and 'str'
","Traceback (most recent call last):
  File ""C:\Users\ederi\home\cs\cs789\error-messages-study-app\temp.py"", line 5, in <module>
    print(e * a + c + e * d + c)
          ~~~~~~~~~~~~~~~~~
TypeError: unsupported operand type(s) for +: 'int' and 'str'
","Traceback (most recent call last):
  File ""C:\Users\ederi\home\cs\cs789\error-messages-study-app\temp.py"", line 5, in <module>
    print(e * a + c + e * d + c)
          
TypeError: unsupported operand type(s) for +: 'int' and 'str'
",2
76,10085,"e = 77
f = 't'
print(e + f + f * e + e + e)","Traceback (most recent call last):
  File ""C:\Users\ederi\home\cs\cs789\error-messages-study-app\temp.py"", line 3, in <module>
    print(e + f + f * e + e + e)
          ~~^~~
TypeError: unsupported operand type(s) for +: 'int' and 'str'
","Traceback (most recent call last):
  File ""C:\Users\ederi\home\cs\cs789\error-messages-study-app\temp.py"", line 3, in <module>
    print(e + f + f * e + e + e)
          ~~~~~
TypeError: unsupported operand type(s) for +: 'int' and 'str'
","Traceback (most recent call last):
  File ""C:\Users\ederi\home\cs\cs789\error-messages-study-app\temp.py"", line 3, in <module>
    print(e + f + f * e + e + e)
          
TypeError: unsupported operand type(s) for +: 'int' and 'str'
",0
77,10086,"a = 'y'
b = 58
c = 'c'
d = 43
print(a * c + a * b + c * d)","Traceback (most recent call last):
  File ""C:\Users\ederi\home\cs\cs789\error-messages-study-app\temp.py"", line 5, in <module>
    print(a * c + a * b + c * d)
          ~~^~~
TypeError: can't multiply sequence by non-int of type 'str'
","Traceback (most recent call last):
  File ""C:\Users\ederi\home\cs\cs789\error-messages-study-app\temp.py"", line 5, in <module>
    print(a * c + a * b + c * d)
          ~~~~~
TypeError: can't multiply sequence by non-int of type 'str'
","Traceback (most recent call last):
  File ""C:\Users\ederi\home\cs\cs789\error-messages-study-app\temp.py"", line 5, in <module>
    print(a * c + a * b + c * d)
          
TypeError: can't multiply sequence by non-int of type 'str'
",0
78,10087,"a = 'b'
b = 61
e = 'f'
f = 'v'
print(f * e + b * b * a * f)","Traceback (most recent call last):
  File ""C:\Users\ederi\home\cs\cs789\error-messages-study-app\temp.py"", line 5, in <module>
    print(f * e + b * b * a * f)
          ~~^~~
TypeError: can't multiply sequence by non-int of type 'str'
","Traceback (most recent call last):
  File ""C:\Users\ederi\home\cs\cs789\error-messages-study-app\temp.py"", line 5, in <module>
    print(f * e + b * b * a * f)
          ~~~~~
TypeError: can't multiply sequence by non-int of type 'str'
","Traceback (most recent call last):
  File ""C:\Users\ederi\home\cs\cs789\error-messages-study-app\temp.py"", line 5, in <module>
    print(f * e + b * b * a * f)
          
TypeError: can't multiply sequence by non-int of type 'str'
",0
79,10088,"a = 53
b = 'l'
c = 90
d = 59
print(a * b * b * c * d + b)","Traceback (most recent call last):
  File ""C:\Users\ederi\home\cs\cs789\error-messages-study-app\temp.py"", line 5, in <module>
    print(a * b * b * c * d + b)
          ~~~~~~^~~
TypeError: can't multiply sequence by non-int of type 'str'
","Traceback (most recent call last):
  File ""C:\Users\ederi\home\cs\cs789\error-messages-study-app\temp.py"", line 5, in <module>
    print(a * b * b * c * d + b)
          ~~~~~~~~~
TypeError: can't multiply sequence by non-int of type 'str'
","Traceback (most recent call last):
  File ""C:\Users\ederi\home\cs\cs789\error-messages-study-app\temp.py"", line 5, in <module>
    print(a * b * b * c * d + b)
          
TypeError: can't multiply sequence by non-int of type 'str'
",1
80,10089,"a = 't'
b = 52
c = 68
d = 'g'
e = 'r'
print(a * e + c * b + d + d)","Traceback (most recent call last):
  File ""C:\Users\ederi\home\cs\cs789\error-messages-study-app\temp.py"", line 6, in <module>
    print(a * e + c * b + d + d)
          ~~^~~
TypeError: can't multiply sequence by non-int of type 'str'
","Traceback (most recent call last):
  File ""C:\Users\ederi\home\cs\cs789\error-messages-study-app\temp.py"", line 6, in <module>
    print(a * e + c * b + d + d)
          ~~~~~
TypeError: can't multiply sequence by non-int of type 'str'
","Traceback (most recent call last):
  File ""C:\Users\ederi\home\cs\cs789\error-messages-study-app\temp.py"", line 6, in <module>
    print(a * e + c * b + d + d)
          
TypeError: can't multiply sequence by non-int of type 'str'
",0
81,10090,"a = 'n'
b = 'm'
e = 41
f = 'r'
print(f * f + f * a + e + b)","Traceback (most recent call last):
  File ""C:\Users\ederi\home\cs\cs789\error-messages-study-app\temp.py"", line 5, in <module>
    print(f * f + f * a + e + b)
          ~~^~~
TypeError: can't multiply sequence by non-int of type 'str'
","Traceback (most recent call last):
  File ""C:\Users\ederi\home\cs\cs789\error-messages-study-app\temp.py"", line 5, in <module>
    print(f * f + f * a + e + b)
          ~~~~~
TypeError: can't multiply sequence by non-int of type 'str'
","Traceback (most recent call last):
  File ""C:\Users\ederi\home\cs\cs789\error-messages-study-app\temp.py"", line 5, in <module>
    print(f * f + f * a + e + b)
          
TypeError: can't multiply sequence by non-int of type 'str'
",0
82,10092,"a = 'g'
b = 52
c = 88
d = 'c'
e = 17
print(d + e + a * b + a * c)","Traceback (most recent call last):
  File ""C:\Users\ederi\home\cs\cs789\error-messages-study-app\temp.py"", line 6, in <module>
    print(d + e + a * b + a * c)
          ~~^~~
TypeError: can only concatenate str (not ""int"") to str
","Traceback (most recent call last):
  File ""C:\Users\ederi\home\cs\cs789\error-messages-study-app\temp.py"", line 6, in <module>
    print(d + e + a * b + a * c)
          ~~~~~
TypeError: can only concatenate str (not ""int"") to str
","Traceback (most recent call last):
  File ""C:\Users\ederi\home\cs\cs789\error-messages-study-app\temp.py"", line 6, in <module>
    print(d + e + a * b + a * c)
          
TypeError: can only concatenate str (not ""int"") to str
",0
83,10093,"a = 83
d = 'x'
e = 'f'
f = 'v'
print(a + f * d + d + e * f)","Traceback (most recent call last):
  File ""C:\Users\ederi\home\cs\cs789\error-messages-study-app\temp.py"", line 5, in <module>
    print(a + f * d + d + e * f)
              ~~^~~
TypeError: can't multiply sequence by non-int of type 'str'
","Traceback (most recent call last):
  File ""C:\Users\ederi\home\cs\cs789\error-messages-study-app\temp.py"", line 5, in <module>
    print(a + f * d + d + e * f)
              ~~~~~
TypeError: can't multiply sequence by non-int of type 'str'
","Traceback (most recent call last):
  File ""C:\Users\ederi\home\cs\cs789\error-messages-study-app\temp.py"", line 5, in <module>
    print(a + f * d + d + e * f)
              
TypeError: can't multiply sequence by non-int of type 'str'
",1
84,10094,"b = 'j'
c = 69
f = 'n'
print(f * c * c * f * b * c)","Traceback (most recent call last):
  File ""C:\Users\ederi\home\cs\cs789\error-messages-study-app\temp.py"", line 4, in <module>
    print(f * c * c * f * b * c)
          ~~~~~~~~~~^~~
TypeError: can't multiply sequence by non-int of type 'str'
","Traceback (most recent call last):
  File ""C:\Users\ederi\home\cs\cs789\error-messages-study-app\temp.py"", line 4, in <module>
    print(f * c * c * f * b * c)
          ~~~~~~~~~~~~~
TypeError: can't multiply sequence by non-int of type 'str'
","Traceback (most recent call last):
  File ""C:\Users\ederi\home\cs\cs789\error-messages-study-app\temp.py"", line 4, in <module>
    print(f * c * c * f * b * c)
          
TypeError: can't multiply sequence by non-int of type 'str'
",2
85,10095,"a = 'a'
b = 40
c = 'h'
d = 'f'
e = 15
f = 'x'
print(a + e * d + f + c + b)","Traceback (most recent call last):
  File ""C:\Users\ederi\home\cs\cs789\error-messages-study-app\temp.py"", line 7, in <module>
    print(a + e * d + f + c + b)
          ~~~~~~~~~~~~~~~~~~^~~
TypeError: can only concatenate str (not ""int"") to str
","Traceback (most recent call last):
  File ""C:\Users\ederi\home\cs\cs789\error-messages-study-app\temp.py"", line 7, in <module>
    print(a + e * d + f + c + b)
          ~~~~~~~~~~~~~~~~~~~~~
TypeError: can only concatenate str (not ""int"") to str
","Traceback (most recent call last):
  File ""C:\Users\ederi\home\cs\cs789\error-messages-study-app\temp.py"", line 7, in <module>
    print(a + e * d + f + c + b)
          
TypeError: can only concatenate str (not ""int"") to str
",4
86,10096,"a = 63
c = 'b'
d = 78
e = 35
f = 'c'
print(c + a + f * e + a * d)","Traceback (most recent call last):
  File ""C:\Users\ederi\home\cs\cs789\error-messages-study-app\temp.py"", line 6, in <module>
    print(c + a + f * e + a * d)
          ~~^~~
TypeError: can only concatenate str (not ""int"") to str
","Traceback (most recent call last):
  File ""C:\Users\ederi\home\cs\cs789\error-messages-study-app\temp.py"", line 6, in <module>
    print(c + a + f * e + a * d)
          ~~~~~
TypeError: can only concatenate str (not ""int"") to str
","Traceback (most recent call last):
  File ""C:\Users\ederi\home\cs\cs789\error-messages-study-app\temp.py"", line 6, in <module>
    print(c + a + f * e + a * d)
          
TypeError: can only concatenate str (not ""int"") to str
",0
87,10097,"a = 'h'
b = 'a'
c = 'l'
d = 'y'
print(a * d + d * c * d + b)","Traceback (most recent call last):
  File ""C:\Users\ederi\home\cs\cs789\error-messages-study-app\temp.py"", line 5, in <module>
    print(a * d + d * c * d + b)
          ~~^~~
TypeError: can't multiply sequence by non-int of type 'str'
","Traceback (most recent call last):
  File ""C:\Users\ederi\home\cs\cs789\error-messages-study-app\temp.py"", line 5, in <module>
    print(a * d + d * c * d + b)
          ~~~~~
TypeError: can't multiply sequence by non-int of type 'str'
","Traceback (most recent call last):
  File ""C:\Users\ederi\home\cs\cs789\error-messages-study-app\temp.py"", line 5, in <module>
    print(a * d + d * c * d + b)
          
TypeError: can't multiply sequence by non-int of type 'str'
",0
88,10098,"a = 25
b = 7
d = 'v'
e = 13
f = 76
print(f + d + a * f * b + e)","Traceback (most recent call last):
  File ""C:\Users\ederi\home\cs\cs789\error-messages-study-app\temp.py"", line 6, in <module>
    print(f + d + a * f * b + e)
          ~~^~~
TypeError: unsupported operand type(s) for +: 'int' and 'str'
","Traceback (most recent call last):
  File ""C:\Users\ederi\home\cs\cs789\error-messages-study-app\temp.py"", line 6, in <module>
    print(f + d + a * f * b + e)
          ~~~~~
TypeError: unsupported operand type(s) for +: 'int' and 'str'
","Traceback (most recent call last):
  File ""C:\Users\ederi\home\cs\cs789\error-messages-study-app\temp.py"", line 6, in <module>
    print(f + d + a * f * b + e)
          
TypeError: unsupported operand type(s) for +: 'int' and 'str'
",0
89,10099,"a = 96
b = 44
c = 'o'
d = 'v'
print(c * a * d * b * b + a)","Traceback (most recent call last):
  File ""C:\Users\ederi\home\cs\cs789\error-messages-study-app\temp.py"", line 5, in <module>
    print(c * a * d * b * b + a)
          ~~~~~~^~~
TypeError: can't multiply sequence by non-int of type 'str'
","Traceback (most recent call last):
  File ""C:\Users\ederi\home\cs\cs789\error-messages-study-app\temp.py"", line 5, in <module>
    print(c * a * d * b * b + a)
          ~~~~~~~~~
TypeError: can't multiply sequence by non-int of type 'str'
","Traceback (most recent call last):
  File ""C:\Users\ederi\home\cs\cs789\error-messages-study-app\temp.py"", line 5, in <module>
    print(c * a * d * b * b + a)
          
TypeError: can't multiply sequence by non-int of type 'str'
",1
90,10100,"a = 'v'
b = 0
c = 8
d = 92
f = 55
print(f + c + b * d * a * c)","Traceback (most recent call last):
  File ""C:\Users\ederi\home\cs\cs789\error-messages-study-app\temp.py"", line 6, in <module>
    print(f + c + b * d * a * c)
          ~~~~~~^~~~~~~~~~~~~~~
TypeError: unsupported operand type(s) for +: 'int' and 'str'
","Traceback (most recent call last):
  File ""C:\Users\ederi\home\cs\cs789\error-messages-study-app\temp.py"", line 6, in <module>
    print(f + c + b * d * a * c)
          ~~~~~~~~~~~~~~~~~~~~~
TypeError: unsupported operand type(s) for +: 'int' and 'str'
","Traceback (most recent call last):
  File ""C:\Users\ederi\home\cs\cs789\error-messages-study-app\temp.py"", line 6, in <module>
    print(f + c + b * d * a * c)
          
TypeError: unsupported operand type(s) for +: 'int' and 'str'
",1
91,10101,"b = 's'
c = 'a'
e = 3
f = 'm'
print(f * b * e + c + f + c)","Traceback (most recent call last):
  File ""C:\Users\ederi\home\cs\cs789\error-messages-study-app\temp.py"", line 5, in <module>
    print(f * b * e + c + f + c)
          ~~^~~
TypeError: can't multiply sequence by non-int of type 'str'
","Traceback (most recent call last):
  File ""C:\Users\ederi\home\cs\cs789\error-messages-study-app\temp.py"", line 5, in <module>
    print(f * b * e + c + f + c)
          ~~~~~
TypeError: can't multiply sequence by non-int of type 'str'
","Traceback (most recent call last):
  File ""C:\Users\ederi\home\cs\cs789\error-messages-study-app\temp.py"", line 5, in <module>
    print(f * b * e + c + f + c)
          
TypeError: can't multiply sequence by non-int of type 'str'
",0
92,10102,"b = 'z'
d = 'f'
e = 32
f = 'c'
print(f + b * e * d + f + f)","Traceback (most recent call last):
  File ""C:\Users\ederi\home\cs\cs789\error-messages-study-app\temp.py"", line 5, in <module>
    print(f + b * e * d + f + f)
              ~~~~~~^~~
TypeError: can't multiply sequence by non-int of type 'str'
","Traceback (most recent call last):
  File ""C:\Users\ederi\home\cs\cs789\error-messages-study-app\temp.py"", line 5, in <module>
    print(f + b * e * d + f + f)
              ~~~~~~~~~
TypeError: can't multiply sequence by non-int of type 'str'
","Traceback (most recent call last):
  File ""C:\Users\ederi\home\cs\cs789\error-messages-study-app\temp.py"", line 5, in <module>
    print(f + b * e * d + f + f)
              
TypeError: can't multiply sequence by non-int of type 'str'
",2
93,10103,"a = 49
b = 'a'
c = 11
e = 56
print(c + e + e + a * c + b)","Traceback (most recent call last):
  File ""C:\Users\ederi\home\cs\cs789\error-messages-study-app\temp.py"", line 5, in <module>
    print(c + e + e + a * c + b)
          ~~~~~~~~~~~~~~~~~~^~~
TypeError: unsupported operand type(s) for +: 'int' and 'str'
","Traceback (most recent call last):
  File ""C:\Users\ederi\home\cs\cs789\error-messages-study-app\temp.py"", line 5, in <module>
    print(c + e + e + a * c + b)
          ~~~~~~~~~~~~~~~~~~~~~
TypeError: unsupported operand type(s) for +: 'int' and 'str'
","Traceback (most recent call last):
  File ""C:\Users\ederi\home\cs\cs789\error-messages-study-app\temp.py"", line 5, in <module>
    print(c + e + e + a * c + b)
          
TypeError: unsupported operand type(s) for +: 'int' and 'str'
",4
94,10104,"b = 'n'
c = 't'
d = 'k'
f = 'c'
print(f + d * d * c * c * b)","Traceback (most recent call last):
  File ""C:\Users\ederi\home\cs\cs789\error-messages-study-app\temp.py"", line 5, in <module>
    print(f + d * d * c * c * b)
              ~~^~~
TypeError: can't multiply sequence by non-int of type 'str'
","Traceback (most recent call last):
  File ""C:\Users\ederi\home\cs\cs789\error-messages-study-app\temp.py"", line 5, in <module>
    print(f + d * d * c * c * b)
              ~~~~~
TypeError: can't multiply sequence by non-int of type 'str'
","Traceback (most recent call last):
  File ""C:\Users\ederi\home\cs\cs789\error-messages-study-app\temp.py"", line 5, in <module>
    print(f + d * d * c * c * b)
              
TypeError: can't multiply sequence by non-int of type 'str'
",1
95,10105,"a = 0
b = 91
c = 'n'
e = 'a'
print(a * b + e + e * e * c)","Traceback (most recent call last):
  File ""C:\Users\ederi\home\cs\cs789\error-messages-study-app\temp.py"", line 5, in <module>
    print(a * b + e + e * e * c)
          ~~~~~~^~~
TypeError: unsupported operand type(s) for +: 'int' and 'str'
","Traceback (most recent call last):
  File ""C:\Users\ederi\home\cs\cs789\error-messages-study-app\temp.py"", line 5, in <module>
    print(a * b + e + e * e * c)
          ~~~~~~~~~
TypeError: unsupported operand type(s) for +: 'int' and 'str'
","Traceback (most recent call last):
  File ""C:\Users\ederi\home\cs\cs789\error-messages-study-app\temp.py"", line 5, in <module>
    print(a * b + e + e * e * c)
          
TypeError: unsupported operand type(s) for +: 'int' and 'str'
",1
96,10106,"a = 'r'
b = 1
c = 'o'
d = 3
e = 42
print(b + c * a * d + e + c)","Traceback (most recent call last):
  File ""C:\Users\ederi\home\cs\cs789\error-messages-study-app\temp.py"", line 6, in <module>
    print(b + c * a * d + e + c)
              ~~^~~
TypeError: can't multiply sequence by non-int of type 'str'
","Traceback (most recent call last):
  File ""C:\Users\ederi\home\cs\cs789\error-messages-study-app\temp.py"", line 6, in <module>
    print(b + c * a * d + e + c)
              ~~~~~
TypeError: can't multiply sequence by non-int of type 'str'
","Traceback (most recent call last):
  File ""C:\Users\ederi\home\cs\cs789\error-messages-study-app\temp.py"", line 6, in <module>
    print(b + c * a * d + e + c)
              
TypeError: can't multiply sequence by non-int of type 'str'
",1
97,10107,"a = 2
c = 39
d = 62
e = 'i'
f = 'b'
print(a * f * d * e * c * c)","Traceback (most recent call last):
  File ""C:\Users\ederi\home\cs\cs789\error-messages-study-app\temp.py"", line 6, in <module>
    print(a * f * d * e * c * c)
          ~~~~~~~~~~^~~
TypeError: can't multiply sequence by non-int of type 'str'
","Traceback (most recent call last):
  File ""C:\Users\ederi\home\cs\cs789\error-messages-study-app\temp.py"", line 6, in <module>
    print(a * f * d * e * c * c)
          ~~~~~~~~~~~~~
TypeError: can't multiply sequence by non-int of type 'str'
","Traceback (most recent call last):
  File ""C:\Users\ederi\home\cs\cs789\error-messages-study-app\temp.py"", line 6, in <module>
    print(a * f * d * e * c * c)
          
TypeError: can't multiply sequence by non-int of type 'str'
",2
98,10109,"a = 72
b = 89
d = 'a'
e = 35
f = 'j'
print(e + d + f * d + b * a)","Traceback (most recent call last):
  File ""C:\Users\ederi\home\cs\cs789\error-messages-study-app\temp.py"", line 6, in <module>
    print(e + d + f * d + b * a)
          ~~^~~
TypeError: unsupported operand type(s) for +: 'int' and 'str'
","Traceback (most recent call last):
  File ""C:\Users\ederi\home\cs\cs789\error-messages-study-app\temp.py"", line 6, in <module>
    print(e + d + f * d + b * a)
          ~~~~~
TypeError: unsupported operand type(s) for +: 'int' and 'str'
","Traceback (most recent call last):
  File ""C:\Users\ederi\home\cs\cs789\error-messages-study-app\temp.py"", line 6, in <module>
    print(e + d + f * d + b * a)
          
TypeError: unsupported operand type(s) for +: 'int' and 'str'
",0
99,10110,"d = 'f'
e = 37
f = 'y'
print(d * d * f * d + e + f)","Traceback (most recent call last):
  File ""C:\Users\ederi\home\cs\cs789\error-messages-study-app\temp.py"", line 4, in <module>
    print(d * d * f * d + e + f)
          ~~^~~
TypeError: can't multiply sequence by non-int of type 'str'
","Traceback (most recent call last):
  File ""C:\Users\ederi\home\cs\cs789\error-messages-study-app\temp.py"", line 4, in <module>
    print(d * d * f * d + e + f)
          ~~~~~
TypeError: can't multiply sequence by non-int of type 'str'
","Traceback (most recent call last):
  File ""C:\Users\ederi\home\cs\cs789\error-messages-study-app\temp.py"", line 4, in <module>
    print(d * d * f * d + e + f)
          
TypeError: can't multiply sequence by non-int of type 'str'
",0
100,10111,"b = 't'
c = 67
e = 's'
f = 20
print(b + c + e + f + c * f)","Traceback (most recent call last):
  File ""C:\Users\ederi\home\cs\cs789\error-messages-study-app\temp.py"", line 5, in <module>
    print(b + c + e + f + c * f)
          ~~^~~
TypeError: can only concatenate str (not ""int"") to str
","Traceback (most recent call last):
  File ""C:\Users\ederi\home\cs\cs789\error-messages-study-app\temp.py"", line 5, in <module>
    print(b + c + e + f + c * f)
          ~~~~~
TypeError: can only concatenate str (not ""int"") to str
","Traceback (most recent call last):
  File ""C:\Users\ederi\home\cs\cs789\error-messages-study-app\temp.py"", line 5, in <module>
    print(b + c + e + f + c * f)
          
TypeError: can only concatenate str (not ""int"") to str
",0
